{
    "rmse": 0.4433670414561637,
    "mae": 0.41128994397359975,
    "r2": 0.21132167863562634
}